Modelo,Produto,Preço Antigo,Preço Atual,Link
air-jordan-10,Air Jordan 10 - White brown40-47,$350.00,$39.00,https://www.ubzy.ru/product/air-jordan-10-white-brown40-47/
air-jordan-10,Air Jordan 10 - White black40-47,$350.00,$39.00,https://www.ubzy.ru/product/air-jordan-10-white-black40-47/
air-jordan-10,Air Jordan 10 - White black red40-47,$350.00,$39.00,https://www.ubzy.ru/product/air-jordan-10-white-black-red40-47/
air-jordan-10,Air Jordan 10 - White black grass green40-47,$350.00,$39.00,https://www.ubzy.ru/product/air-jordan-10-white-black-grass-green40-47/
air-jordan-10,Air Jordan 10 - shadow40-47,$350.00,$39.00,https://www.ubzy.ru/product/air-jordan-10-shadow40-47/
air-jordan-10,Air Jordan 10 - owl40-47,$350.00,$39.00,https://www.ubzy.ru/product/air-jordan-10-owl40-47/
air-jordan-10,Air Jordan 10 - New white black40-47,$350.00,$39.00,https://www.ubzy.ru/product/air-jordan-10-new-white-black40-47/
air-jordan-10,Air Jordan 10 - Miami Super Bowl40-47,$350.00,$39.00,https://www.ubzy.ru/product/air-jordan-10-miami-super-bowl40-47/
air-jordan-10,Air Jordan 10 - mandarin duck40-47,$350.00,$39.00,https://www.ubzy.ru/product/air-jordan-10-mandarin-duck40-47/
air-jordan-10,Air Jordan 10 - grey cement40-47,$350.00,$39.00,https://www.ubzy.ru/product/air-jordan-10-grey-cement40-47/
air-jordan-10,Air Jordan 10 - Chicago40-47,$350.00,$39.00,https://www.ubzy.ru/product/air-jordan-10-chicago40-47/
air-jordan-10,Air Jordan 10 - bull40-47,$350.00,$39.00,https://www.ubzy.ru/product/air-jordan-10-bull40-47/
air-jordan-10,Air Jordan 10 - black white red40-47,$350.00,$39.00,https://www.ubzy.ru/product/air-jordan-10-black-white-red40-47/
air-jordan-10,Air Jordan 10 - black white blue40-47,$350.00,$39.00,https://www.ubzy.ru/product/air-jordan-10-black-white-blue40-47/

